"GR","WDS","YEAR"
3.74974776887636,69015,1934
3.75286961591232,134470,1942
3.74218601868403,70379,1943
3.78699317120632,102304,1937
3.73807623239257,124322,1916
