"GR","WDS","YEAR"
3.73439045271074,65101,1931
3.75797377247966,30282,1920
3.74986540673747,139160,1909
3.74039145636657,50252,1948
3.74345446496061,8357,1912
