"GR","WDS","YEAR"
3.75407062603867,81651.3141757304,1934.57445907116
3.74934064962771,89774.8176347945,1948.96848166536
3.76224670160374,28326.5940525823,1968.63776963251
3.75943671568243,74133.9025829691,1945.69608288031
3.73690341187518,133219.839124143,1910.13159824582
