"GR","WDS","YEAR"
3.72991306804477,88990,1924
3.74196413039811,90982,1935
3.73765974889779,97855,1930
3.74689076856229,125258,1941
3.75893356755842,145630,1946
